avoir	/avwaʁ/	to have	irregular	irregular family	Irregular auxiliary: ai/as/a, av-, aur-, eu, ay-, euss-.	Stems: ai-/av-/aur-/eu-/ay-/euss-.	Highly irregular; memorize the auxiliary forms.	avoir	eu	With avoir, the past participle usually agrees only with a preceding direct object.	spoken	high	indicatif	présent	je	j’	Say: I have an idea.	J’ai une idée.	/ʒe yn ide/	Elide je before vowel.						avoir — indicatif présent — j’	j’ai	/ʒe/	Irregular avoir form.		
avoir	/avwaʁ/	to have	irregular	irregular family	Irregular auxiliary: ai/as/a, av-, aur-, eu, ay-, euss-.	Stems: ai-/av-/aur-/eu-/ay-/euss-.	Highly irregular; memorize the auxiliary forms.	avoir	eu	With avoir, the past participle usually agrees only with a preceding direct object.	spoken	high	indicatif	présent	tu	tu	Say: you are right.	Tu as raison.	/ty a ʁɛzɔ̃/							avoir — indicatif présent — tu	tu as	/ty a/	Irregular avoir form.		
avoir	/avwaʁ/	to have	irregular	irregular family	Irregular auxiliary: ai/as/a, av-, aur-, eu, ay-, euss-.	Stems: ai-/av-/aur-/eu-/ay-/euss-.	Highly irregular; memorize the auxiliary forms.	avoir	eu	With avoir, the past participle usually agrees only with a preceding direct object.	spoken	high	indicatif	présent	il	il	Say: he is afraid.	Il a peur.	/il a pœʁ/							avoir — indicatif présent — il	il a	/il a/	Irregular avoir form.		
avoir	/avwaʁ/	to have	irregular	irregular family	Irregular auxiliary: ai/as/a, av-, aur-, eu, ay-, euss-.	Stems: ai-/av-/aur-/eu-/ay-/euss-.	Highly irregular; memorize the auxiliary forms.	avoir	eu	With avoir, the past participle usually agrees only with a preceding direct object.	spoken	high	indicatif	présent	elle	elle	Say: she has time.	Elle a le temps.	/ɛl a lə tɑ̃/							avoir — indicatif présent — elle	elle a	/ɛl a/	Irregular avoir form.		
avoir	/avwaʁ/	to have	irregular	irregular family	Irregular auxiliary: ai/as/a, av-, aur-, eu, ay-, euss-.	Stems: ai-/av-/aur-/eu-/ay-/euss-.	Highly irregular; memorize the auxiliary forms.	avoir	eu	With avoir, the past participle usually agrees only with a preceding direct object.	spoken	high	indicatif	présent	on	on	Say: we have a problem, using on.	On a un problème.	/ɔ̃n‿a œ̃ pʁɔblɛm/	Watch the liaison before the vowel.						avoir — indicatif présent — on	on a	/ɔ̃n‿a/	Irregular avoir form.		
avoir	/avwaʁ/	to have	irregular	irregular family	Irregular auxiliary: ai/as/a, av-, aur-, eu, ay-, euss-.	Stems: ai-/av-/aur-/eu-/ay-/euss-.	Highly irregular; memorize the auxiliary forms.	avoir	eu	With avoir, the past participle usually agrees only with a preceding direct object.	spoken	high	indicatif	présent	nous	nous	Say: we need help.	Nous avons besoin d’aide.	/nuz‿avɔ̃ bəzwɛ̃ dɛd/	Watch the liaison before the vowel.						avoir — indicatif présent — nous	nous avons	/nuz‿avɔ̃/	Irregular avoir form.		
avoir	/avwaʁ/	to have	irregular	irregular family	Irregular auxiliary: ai/as/a, av-, aur-, eu, ay-, euss-.	Stems: ai-/av-/aur-/eu-/ay-/euss-.	Highly irregular; memorize the auxiliary forms.	avoir	eu	With avoir, the past participle usually agrees only with a preceding direct object.	spoken	high	indicatif	présent	vous	vous	Say: you have your agreement.	Vous avez votre accord.	/vuz‿ave vɔtʁ akɔʁ/	Watch the liaison before the vowel.						avoir — indicatif présent — vous	vous avez	/vuz‿ave/	Irregular avoir form.		
avoir	/avwaʁ/	to have	irregular	irregular family	Irregular auxiliary: ai/as/a, av-, aur-, eu, ay-, euss-.	Stems: ai-/av-/aur-/eu-/ay-/euss-.	Highly irregular; memorize the auxiliary forms.	avoir	eu	With avoir, the past participle usually agrees only with a preceding direct object.	spoken	high	indicatif	présent	ils	ils	Say: they are hungry, masculine subject.	Ils ont faim.	/ilz‿ɔ̃ fɛ̃/	Watch the liaison before the vowel.						avoir — indicatif présent — ils	ils ont	/ilz‿ɔ̃/	Irregular avoir form.		
avoir	/avwaʁ/	to have	irregular	irregular family	Irregular auxiliary: ai/as/a, av-, aur-, eu, ay-, euss-.	Stems: ai-/av-/aur-/eu-/ay-/euss-.	Highly irregular; memorize the auxiliary forms.	avoir	eu	With avoir, the past participle usually agrees only with a preceding direct object.	spoken	high	indicatif	présent	elles	elles	Say: they feel like leaving, feminine subject.	Elles ont envie de partir.	/ɛlz‿ɔ̃ ɑ̃vi də paʁtiʁ/	Watch the liaison before the vowel.						avoir — indicatif présent — elles	elles ont	/ɛlz‿ɔ̃/	Irregular avoir form.		
avoir	/avwaʁ/	to have	irregular	irregular family	Irregular auxiliary: ai/as/a, av-, aur-, eu, ay-, euss-.	Stems: ai-/av-/aur-/eu-/ay-/euss-.	Highly irregular; memorize the auxiliary forms.	avoir	eu	With avoir, the past participle usually agrees only with a preceding direct object.	spoken	high	indicatif	imparfait	je	j’	Say: I have an idea, using avoir in indicatif imparfait.	J’avais une idée.	/ʒavɛ yn ide/	Elide je before vowel.						avoir — indicatif imparfait — j’	j’avais	/ʒavɛ/	Irregular avoir form.		
avoir	/avwaʁ/	to have	irregular	irregular family	Irregular auxiliary: ai/as/a, av-, aur-, eu, ay-, euss-.	Stems: ai-/av-/aur-/eu-/ay-/euss-.	Highly irregular; memorize the auxiliary forms.	avoir	eu	With avoir, the past participle usually agrees only with a preceding direct object.	spoken	high	indicatif	imparfait	tu	tu	Say: you are right, using avoir in indicatif imparfait.	Tu avais raison.	/ty avɛ ʁɛzɔ̃/							avoir — indicatif imparfait — tu	tu avais	/ty avɛ/	Irregular avoir form.		
avoir	/avwaʁ/	to have	irregular	irregular family	Irregular auxiliary: ai/as/a, av-, aur-, eu, ay-, euss-.	Stems: ai-/av-/aur-/eu-/ay-/euss-.	Highly irregular; memorize the auxiliary forms.	avoir	eu	With avoir, the past participle usually agrees only with a preceding direct object.	spoken	high	indicatif	imparfait	il	il	Say: he are afraid, using avoir in indicatif imparfait.	Il avait peur.	/il avɛ pœʁ/							avoir — indicatif imparfait — il	il avait	/il avɛ/	Irregular avoir form.		
avoir	/avwaʁ/	to have	irregular	irregular family	Irregular auxiliary: ai/as/a, av-, aur-, eu, ay-, euss-.	Stems: ai-/av-/aur-/eu-/ay-/euss-.	Highly irregular; memorize the auxiliary forms.	avoir	eu	With avoir, the past participle usually agrees only with a preceding direct object.	spoken	high	indicatif	imparfait	elle	elle	Say: she have time, using avoir in indicatif imparfait.	Elle avait le temps.	/ɛl avɛ lə tɑ̃/							avoir — indicatif imparfait — elle	elle avait	/ɛl avɛ/	Irregular avoir form.		
avoir	/avwaʁ/	to have	irregular	irregular family	Irregular auxiliary: ai/as/a, av-, aur-, eu, ay-, euss-.	Stems: ai-/av-/aur-/eu-/ay-/euss-.	Highly irregular; memorize the auxiliary forms.	avoir	eu	With avoir, the past participle usually agrees only with a preceding direct object.	spoken	high	indicatif	imparfait	on	on	Say: we, using on have a problem, using avoir in indicatif imparfait.	On avait un problème.	/ɔ̃n‿avɛ œ̃ pʁɔblɛm/	Watch the liaison before the vowel.						avoir — indicatif imparfait — on	on avait	/ɔ̃n‿avɛ/	Irregular avoir form.		
avoir	/avwaʁ/	to have	irregular	irregular family	Irregular auxiliary: ai/as/a, av-, aur-, eu, ay-, euss-.	Stems: ai-/av-/aur-/eu-/ay-/euss-.	Highly irregular; memorize the auxiliary forms.	avoir	eu	With avoir, the past participle usually agrees only with a preceding direct object.	spoken	high	indicatif	imparfait	nous	nous	Say: we need help, using avoir in indicatif imparfait.	Nous avions besoin d’aide.	/nuz‿avjɔ̃ bəzwɛ̃ dɛd/	Watch the liaison before the vowel.						avoir — indicatif imparfait — nous	nous avions	/nuz‿avjɔ̃/	Irregular avoir form.		
avoir	/avwaʁ/	to have	irregular	irregular family	Irregular auxiliary: ai/as/a, av-, aur-, eu, ay-, euss-.	Stems: ai-/av-/aur-/eu-/ay-/euss-.	Highly irregular; memorize the auxiliary forms.	avoir	eu	With avoir, the past participle usually agrees only with a preceding direct object.	spoken	high	indicatif	imparfait	vous	vous	Say: you have your agreement, using avoir in indicatif imparfait.	Vous aviez votre accord.	/vuz‿avje vɔtʁ akɔʁ/	Watch the liaison before the vowel.						avoir — indicatif imparfait — vous	vous aviez	/vuz‿avje/	Irregular avoir form.		
avoir	/avwaʁ/	to have	irregular	irregular family	Irregular auxiliary: ai/as/a, av-, aur-, eu, ay-, euss-.	Stems: ai-/av-/aur-/eu-/ay-/euss-.	Highly irregular; memorize the auxiliary forms.	avoir	eu	With avoir, the past participle usually agrees only with a preceding direct object.	spoken	high	indicatif	imparfait	ils	ils	Say: they, masculine are hungry, using avoir in indicatif imparfait.	Ils avaient faim.	/ilz‿avɛ fɛ̃/	Watch the liaison before the vowel.						avoir — indicatif imparfait — ils	ils avaient	/ilz‿avɛ/	Irregular avoir form.		
avoir	/avwaʁ/	to have	irregular	irregular family	Irregular auxiliary: ai/as/a, av-, aur-, eu, ay-, euss-.	Stems: ai-/av-/aur-/eu-/ay-/euss-.	Highly irregular; memorize the auxiliary forms.	avoir	eu	With avoir, the past participle usually agrees only with a preceding direct object.	spoken	high	indicatif	imparfait	elles	elles	Say: they, feminine feel like leaving, using avoir in indicatif imparfait.	Elles avaient envie de partir.	/ɛlz‿avɛ ɑ̃vi də paʁtiʁ/	Watch the liaison before the vowel.						avoir — indicatif imparfait — elles	elles avaient	/ɛlz‿avɛ/	Irregular avoir form.		
avoir	/avwaʁ/	to have	irregular	irregular family	Irregular auxiliary: ai/as/a, av-, aur-, eu, ay-, euss-.	Stems: ai-/av-/aur-/eu-/ay-/euss-.	Highly irregular; memorize the auxiliary forms.	avoir	eu	With avoir, the past participle usually agrees only with a preceding direct object.	spoken	high	indicatif	passé composé	je	j’	Say: I have an idea, using avoir in indicatif passé composé.	J’ai eu une idée.	/ʒe y yn ide/	Elide je before vowel.						avoir — indicatif passé composé — j’	j’ai eu	/ʒe y/	Irregular avoir form.		
avoir	/avwaʁ/	to have	irregular	irregular family	Irregular auxiliary: ai/as/a, av-, aur-, eu, ay-, euss-.	Stems: ai-/av-/aur-/eu-/ay-/euss-.	Highly irregular; memorize the auxiliary forms.	avoir	eu	With avoir, the past participle usually agrees only with a preceding direct object.	spoken	high	indicatif	passé composé	tu	tu	Say: you are right, using avoir in indicatif passé composé.	Tu as eu raison.	/ty a y ʁɛzɔ̃/							avoir — indicatif passé composé — tu	tu as eu	/ty a y/	Irregular avoir form.		
avoir	/avwaʁ/	to have	irregular	irregular family	Irregular auxiliary: ai/as/a, av-, aur-, eu, ay-, euss-.	Stems: ai-/av-/aur-/eu-/ay-/euss-.	Highly irregular; memorize the auxiliary forms.	avoir	eu	With avoir, the past participle usually agrees only with a preceding direct object.	spoken	high	indicatif	passé composé	il	il	Say: he are afraid, using avoir in indicatif passé composé.	Il a eu peur.	/il a y pœʁ/							avoir — indicatif passé composé — il	il a eu	/il a y/	Irregular avoir form.		
avoir	/avwaʁ/	to have	irregular	irregular family	Irregular auxiliary: ai/as/a, av-, aur-, eu, ay-, euss-.	Stems: ai-/av-/aur-/eu-/ay-/euss-.	Highly irregular; memorize the auxiliary forms.	avoir	eu	With avoir, the past participle usually agrees only with a preceding direct object.	spoken	high	indicatif	passé composé	elle	elle	Say: she have time, using avoir in indicatif passé composé.	Elle a eu le temps.	/ɛl a y lə tɑ̃/							avoir — indicatif passé composé — elle	elle a eu	/ɛl a y/	Irregular avoir form.		
avoir	/avwaʁ/	to have	irregular	irregular family	Irregular auxiliary: ai/as/a, av-, aur-, eu, ay-, euss-.	Stems: ai-/av-/aur-/eu-/ay-/euss-.	Highly irregular; memorize the auxiliary forms.	avoir	eu	With avoir, the past participle usually agrees only with a preceding direct object.	spoken	high	indicatif	passé composé	on	on	Say: we, using on have a problem, using avoir in indicatif passé composé.	On a eu un problème.	/ɔ̃n‿a y œ̃ pʁɔblɛm/	Watch the liaison before the vowel.						avoir — indicatif passé composé — on	on a eu	/ɔ̃n‿a y/	Irregular avoir form.		
avoir	/avwaʁ/	to have	irregular	irregular family	Irregular auxiliary: ai/as/a, av-, aur-, eu, ay-, euss-.	Stems: ai-/av-/aur-/eu-/ay-/euss-.	Highly irregular; memorize the auxiliary forms.	avoir	eu	With avoir, the past participle usually agrees only with a preceding direct object.	spoken	high	indicatif	passé composé	nous	nous	Say: we need help, using avoir in indicatif passé composé.	Nous avons eu besoin d’aide.	/nuz‿avɔ̃z‿y bəzwɛ̃ dɛd/	Watch the liaison before the vowel.						avoir — indicatif passé composé — nous	nous avons eu	/nuz‿avɔ̃z‿y/	Irregular avoir form.		
avoir	/avwaʁ/	to have	irregular	irregular family	Irregular auxiliary: ai/as/a, av-, aur-, eu, ay-, euss-.	Stems: ai-/av-/aur-/eu-/ay-/euss-.	Highly irregular; memorize the auxiliary forms.	avoir	eu	With avoir, the past participle usually agrees only with a preceding direct object.	spoken	high	indicatif	passé composé	vous	vous	Say: you have your agreement, using avoir in indicatif passé composé.	Vous avez eu votre accord.	/vuz‿avez‿y vɔtʁ akɔʁ/	Watch the liaison before the vowel.						avoir — indicatif passé composé — vous	vous avez eu	/vuz‿avez‿y/	Irregular avoir form.		
avoir	/avwaʁ/	to have	irregular	irregular family	Irregular auxiliary: ai/as/a, av-, aur-, eu, ay-, euss-.	Stems: ai-/av-/aur-/eu-/ay-/euss-.	Highly irregular; memorize the auxiliary forms.	avoir	eu	With avoir, the past participle usually agrees only with a preceding direct object.	spoken	high	indicatif	passé composé	ils	ils	Say: they, masculine are hungry, using avoir in indicatif passé composé.	Ils ont eu faim.	/ilz‿ɔ̃t‿y fɛ̃/	Watch the liaison before the vowel.						avoir — indicatif passé composé — ils	ils ont eu	/ilz‿ɔ̃t‿y/	Irregular avoir form.		
avoir	/avwaʁ/	to have	irregular	irregular family	Irregular auxiliary: ai/as/a, av-, aur-, eu, ay-, euss-.	Stems: ai-/av-/aur-/eu-/ay-/euss-.	Highly irregular; memorize the auxiliary forms.	avoir	eu	With avoir, the past participle usually agrees only with a preceding direct object.	spoken	high	indicatif	passé composé	elles	elles	Say: they, feminine feel like leaving, using avoir in indicatif passé composé.	Elles ont eu envie de partir.	/ɛlz‿ɔ̃t‿y ɑ̃vi də paʁtiʁ/	Watch the liaison before the vowel.						avoir — indicatif passé composé — elles	elles ont eu	/ɛlz‿ɔ̃t‿y/	Irregular avoir form.		
avoir	/avwaʁ/	to have	irregular	irregular family	Irregular auxiliary: ai/as/a, av-, aur-, eu, ay-, euss-.	Stems: ai-/av-/aur-/eu-/ay-/euss-.	Highly irregular; memorize the auxiliary forms.	avoir	eu	With avoir, the past participle usually agrees only with a preceding direct object.	spoken	high	indicatif	plus-que-parfait	je	j’	Say: I have an idea, using avoir in indicatif plus-que-parfait.	J’avais eu une idée.	/ʒavɛz‿y yn ide/	Elide je before vowel.						avoir — indicatif plus-que-parfait — j’	j’avais eu	/ʒavɛz‿y/	Irregular avoir form.		
avoir	/avwaʁ/	to have	irregular	irregular family	Irregular auxiliary: ai/as/a, av-, aur-, eu, ay-, euss-.	Stems: ai-/av-/aur-/eu-/ay-/euss-.	Highly irregular; memorize the auxiliary forms.	avoir	eu	With avoir, the past participle usually agrees only with a preceding direct object.	spoken	high	indicatif	plus-que-parfait	tu	tu	Say: you are right, using avoir in indicatif plus-que-parfait.	Tu avais eu raison.	/ty avɛz‿y ʁɛzɔ̃/	Watch the liaison before the vowel.						avoir — indicatif plus-que-parfait — tu	tu avais eu	/ty avɛz‿y/	Irregular avoir form.		
avoir	/avwaʁ/	to have	irregular	irregular family	Irregular auxiliary: ai/as/a, av-, aur-, eu, ay-, euss-.	Stems: ai-/av-/aur-/eu-/ay-/euss-.	Highly irregular; memorize the auxiliary forms.	avoir	eu	With avoir, the past participle usually agrees only with a preceding direct object.	spoken	high	indicatif	plus-que-parfait	il	il	Say: he are afraid, using avoir in indicatif plus-que-parfait.	Il avait eu peur.	/il avɛt‿y pœʁ/	Watch the liaison before the vowel.						avoir — indicatif plus-que-parfait — il	il avait eu	/il avɛt‿y/	Irregular avoir form.		
avoir	/avwaʁ/	to have	irregular	irregular family	Irregular auxiliary: ai/as/a, av-, aur-, eu, ay-, euss-.	Stems: ai-/av-/aur-/eu-/ay-/euss-.	Highly irregular; memorize the auxiliary forms.	avoir	eu	With avoir, the past participle usually agrees only with a preceding direct object.	spoken	high	indicatif	plus-que-parfait	elle	elle	Say: she have time, using avoir in indicatif plus-que-parfait.	Elle avait eu le temps.	/ɛl avɛt‿y lə tɑ̃/	Watch the liaison before the vowel.						avoir — indicatif plus-que-parfait — elle	elle avait eu	/ɛl avɛt‿y/	Irregular avoir form.		
avoir	/avwaʁ/	to have	irregular	irregular family	Irregular auxiliary: ai/as/a, av-, aur-, eu, ay-, euss-.	Stems: ai-/av-/aur-/eu-/ay-/euss-.	Highly irregular; memorize the auxiliary forms.	avoir	eu	With avoir, the past participle usually agrees only with a preceding direct object.	spoken	high	indicatif	plus-que-parfait	on	on	Say: we, using on have a problem, using avoir in indicatif plus-que-parfait.	On avait eu un problème.	/ɔ̃n‿avɛt‿y œ̃ pʁɔblɛm/	Watch the liaison before the vowel.						avoir — indicatif plus-que-parfait — on	on avait eu	/ɔ̃n‿avɛt‿y/	Irregular avoir form.		
avoir	/avwaʁ/	to have	irregular	irregular family	Irregular auxiliary: ai/as/a, av-, aur-, eu, ay-, euss-.	Stems: ai-/av-/aur-/eu-/ay-/euss-.	Highly irregular; memorize the auxiliary forms.	avoir	eu	With avoir, the past participle usually agrees only with a preceding direct object.	spoken	high	indicatif	plus-que-parfait	nous	nous	Say: we need help, using avoir in indicatif plus-que-parfait.	Nous avions eu besoin d’aide.	/nuz‿avjɔ̃z‿y bəzwɛ̃ dɛd/	Watch the liaison before the vowel.						avoir — indicatif plus-que-parfait — nous	nous avions eu	/nuz‿avjɔ̃z‿y/	Irregular avoir form.		
avoir	/avwaʁ/	to have	irregular	irregular family	Irregular auxiliary: ai/as/a, av-, aur-, eu, ay-, euss-.	Stems: ai-/av-/aur-/eu-/ay-/euss-.	Highly irregular; memorize the auxiliary forms.	avoir	eu	With avoir, the past participle usually agrees only with a preceding direct object.	spoken	high	indicatif	plus-que-parfait	vous	vous	Say: you have your agreement, using avoir in indicatif plus-que-parfait.	Vous aviez eu votre accord.	/vuz‿avjez‿y vɔtʁ akɔʁ/	Watch the liaison before the vowel.						avoir — indicatif plus-que-parfait — vous	vous aviez eu	/vuz‿avjez‿y/	Irregular avoir form.		
avoir	/avwaʁ/	to have	irregular	irregular family	Irregular auxiliary: ai/as/a, av-, aur-, eu, ay-, euss-.	Stems: ai-/av-/aur-/eu-/ay-/euss-.	Highly irregular; memorize the auxiliary forms.	avoir	eu	With avoir, the past participle usually agrees only with a preceding direct object.	spoken	high	indicatif	plus-que-parfait	ils	ils	Say: they, masculine are hungry, using avoir in indicatif plus-que-parfait.	Ils avaient eu faim.	/ilz‿avɛt‿y fɛ̃/	Watch the liaison before the vowel.						avoir — indicatif plus-que-parfait — ils	ils avaient eu	/ilz‿avɛt‿y/	Irregular avoir form.		
avoir	/avwaʁ/	to have	irregular	irregular family	Irregular auxiliary: ai/as/a, av-, aur-, eu, ay-, euss-.	Stems: ai-/av-/aur-/eu-/ay-/euss-.	Highly irregular; memorize the auxiliary forms.	avoir	eu	With avoir, the past participle usually agrees only with a preceding direct object.	spoken	high	indicatif	plus-que-parfait	elles	elles	Say: they, feminine feel like leaving, using avoir in indicatif plus-que-parfait.	Elles avaient eu envie de partir.	/ɛlz‿avɛt‿y ɑ̃vi də paʁtiʁ/	Watch the liaison before the vowel.						avoir — indicatif plus-que-parfait — elles	elles avaient eu	/ɛlz‿avɛt‿y/	Irregular avoir form.		
avoir	/avwaʁ/	to have	irregular	irregular family	Irregular auxiliary: ai/as/a, av-, aur-, eu, ay-, euss-.	Stems: ai-/av-/aur-/eu-/ay-/euss-.	Highly irregular; memorize the auxiliary forms.	avoir	eu	With avoir, the past participle usually agrees only with a preceding direct object.	literary	literary	indicatif	passé simple	je	j’	Say: I have an idea, using avoir in indicatif passé simple.	J’eus une idée.	/ʒy yn ide/	Elide je before vowel.						avoir — indicatif passé simple — j’	j’eus	/ʒy/	Irregular avoir form.	Literary narrative tense.	
avoir	/avwaʁ/	to have	irregular	irregular family	Irregular auxiliary: ai/as/a, av-, aur-, eu, ay-, euss-.	Stems: ai-/av-/aur-/eu-/ay-/euss-.	Highly irregular; memorize the auxiliary forms.	avoir	eu	With avoir, the past participle usually agrees only with a preceding direct object.	literary	literary	indicatif	passé simple	tu	tu	Say: you are right, using avoir in indicatif passé simple.	Tu eus raison.	/ty y ʁɛzɔ̃/							avoir — indicatif passé simple — tu	tu eus	/ty y/	Irregular avoir form.	Literary narrative tense.	
avoir	/avwaʁ/	to have	irregular	irregular family	Irregular auxiliary: ai/as/a, av-, aur-, eu, ay-, euss-.	Stems: ai-/av-/aur-/eu-/ay-/euss-.	Highly irregular; memorize the auxiliary forms.	avoir	eu	With avoir, the past participle usually agrees only with a preceding direct object.	literary	literary	indicatif	passé simple	il	il	Say: he are afraid, using avoir in indicatif passé simple.	Il eut peur.	/il y pœʁ/							avoir — indicatif passé simple — il	il eut	/il y/	Irregular avoir form.	Literary narrative tense.	
avoir	/avwaʁ/	to have	irregular	irregular family	Irregular auxiliary: ai/as/a, av-, aur-, eu, ay-, euss-.	Stems: ai-/av-/aur-/eu-/ay-/euss-.	Highly irregular; memorize the auxiliary forms.	avoir	eu	With avoir, the past participle usually agrees only with a preceding direct object.	literary	literary	indicatif	passé simple	elle	elle	Say: she have time, using avoir in indicatif passé simple.	Elle eut le temps.	/ɛl y lə tɑ̃/							avoir — indicatif passé simple — elle	elle eut	/ɛl y/	Irregular avoir form.	Literary narrative tense.	
avoir	/avwaʁ/	to have	irregular	irregular family	Irregular auxiliary: ai/as/a, av-, aur-, eu, ay-, euss-.	Stems: ai-/av-/aur-/eu-/ay-/euss-.	Highly irregular; memorize the auxiliary forms.	avoir	eu	With avoir, the past participle usually agrees only with a preceding direct object.	literary	literary	indicatif	passé simple	on	on	Say: we, using on have a problem, using avoir in indicatif passé simple.	On eut un problème.	/ɔ̃n‿y œ̃ pʁɔblɛm/	Watch the liaison before the vowel.						avoir — indicatif passé simple — on	on eut	/ɔ̃n‿y/	Irregular avoir form.	Literary narrative tense.	
avoir	/avwaʁ/	to have	irregular	irregular family	Irregular auxiliary: ai/as/a, av-, aur-, eu, ay-, euss-.	Stems: ai-/av-/aur-/eu-/ay-/euss-.	Highly irregular; memorize the auxiliary forms.	avoir	eu	With avoir, the past participle usually agrees only with a preceding direct object.	literary	literary	indicatif	passé simple	nous	nous	Say: we need help, using avoir in indicatif passé simple.	Nous eûmes besoin d’aide.	/nuz‿ym bəzwɛ̃ dɛd/	Watch the liaison before the vowel.						avoir — indicatif passé simple — nous	nous eûmes	/nuz‿ym/	Irregular avoir form.	Literary narrative tense.	
avoir	/avwaʁ/	to have	irregular	irregular family	Irregular auxiliary: ai/as/a, av-, aur-, eu, ay-, euss-.	Stems: ai-/av-/aur-/eu-/ay-/euss-.	Highly irregular; memorize the auxiliary forms.	avoir	eu	With avoir, the past participle usually agrees only with a preceding direct object.	literary	literary	indicatif	passé simple	vous	vous	Say: you have your agreement, using avoir in indicatif passé simple.	Vous eûtes votre accord.	/vuz‿yt vɔtʁ akɔʁ/	Watch the liaison before the vowel.						avoir — indicatif passé simple — vous	vous eûtes	/vuz‿yt/	Irregular avoir form.	Literary narrative tense.	
avoir	/avwaʁ/	to have	irregular	irregular family	Irregular auxiliary: ai/as/a, av-, aur-, eu, ay-, euss-.	Stems: ai-/av-/aur-/eu-/ay-/euss-.	Highly irregular; memorize the auxiliary forms.	avoir	eu	With avoir, the past participle usually agrees only with a preceding direct object.	literary	literary	indicatif	passé simple	ils	ils	Say: they, masculine are hungry, using avoir in indicatif passé simple.	Ils eurent faim.	/ilz‿yʁ fɛ̃/	Watch the liaison before the vowel.						avoir — indicatif passé simple — ils	ils eurent	/ilz‿yʁ/	Irregular avoir form.	Literary narrative tense.	
avoir	/avwaʁ/	to have	irregular	irregular family	Irregular auxiliary: ai/as/a, av-, aur-, eu, ay-, euss-.	Stems: ai-/av-/aur-/eu-/ay-/euss-.	Highly irregular; memorize the auxiliary forms.	avoir	eu	With avoir, the past participle usually agrees only with a preceding direct object.	literary	literary	indicatif	passé simple	elles	elles	Say: they, feminine feel like leaving, using avoir in indicatif passé simple.	Elles eurent envie de partir.	/ɛlz‿yʁ ɑ̃vi də paʁtiʁ/	Watch the liaison before the vowel.						avoir — indicatif passé simple — elles	elles eurent	/ɛlz‿yʁ/	Irregular avoir form.	Literary narrative tense.	
avoir	/avwaʁ/	to have	irregular	irregular family	Irregular auxiliary: ai/as/a, av-, aur-, eu, ay-, euss-.	Stems: ai-/av-/aur-/eu-/ay-/euss-.	Highly irregular; memorize the auxiliary forms.	avoir	eu	With avoir, the past participle usually agrees only with a preceding direct object.	literary	literary	indicatif	passé antérieur	je	j’	Say: I have an idea, using avoir in indicatif passé antérieur.	J’eus eu une idée.	/ʒyz‿y yn ide/	Elide je before vowel.						avoir — indicatif passé antérieur — j’	j’eus eu	/ʒyz‿y/	Irregular avoir form.	Literary anterior past.	
avoir	/avwaʁ/	to have	irregular	irregular family	Irregular auxiliary: ai/as/a, av-, aur-, eu, ay-, euss-.	Stems: ai-/av-/aur-/eu-/ay-/euss-.	Highly irregular; memorize the auxiliary forms.	avoir	eu	With avoir, the past participle usually agrees only with a preceding direct object.	literary	literary	indicatif	passé antérieur	tu	tu	Say: you are right, using avoir in indicatif passé antérieur.	Tu eus eu raison.	/ty yz‿y ʁɛzɔ̃/	Watch the liaison before the vowel.						avoir — indicatif passé antérieur — tu	tu eus eu	/ty yz‿y/	Irregular avoir form.	Literary anterior past.	
avoir	/avwaʁ/	to have	irregular	irregular family	Irregular auxiliary: ai/as/a, av-, aur-, eu, ay-, euss-.	Stems: ai-/av-/aur-/eu-/ay-/euss-.	Highly irregular; memorize the auxiliary forms.	avoir	eu	With avoir, the past participle usually agrees only with a preceding direct object.	literary	literary	indicatif	passé antérieur	il	il	Say: he are afraid, using avoir in indicatif passé antérieur.	Il eut eu peur.	/il yt‿y pœʁ/	Watch the liaison before the vowel.						avoir — indicatif passé antérieur — il	il eut eu	/il yt‿y/	Irregular avoir form.	Literary anterior past.	
avoir	/avwaʁ/	to have	irregular	irregular family	Irregular auxiliary: ai/as/a, av-, aur-, eu, ay-, euss-.	Stems: ai-/av-/aur-/eu-/ay-/euss-.	Highly irregular; memorize the auxiliary forms.	avoir	eu	With avoir, the past participle usually agrees only with a preceding direct object.	literary	literary	indicatif	passé antérieur	elle	elle	Say: she have time, using avoir in indicatif passé antérieur.	Elle eut eu le temps.	/ɛl yt‿y lə tɑ̃/	Watch the liaison before the vowel.						avoir — indicatif passé antérieur — elle	elle eut eu	/ɛl yt‿y/	Irregular avoir form.	Literary anterior past.	
avoir	/avwaʁ/	to have	irregular	irregular family	Irregular auxiliary: ai/as/a, av-, aur-, eu, ay-, euss-.	Stems: ai-/av-/aur-/eu-/ay-/euss-.	Highly irregular; memorize the auxiliary forms.	avoir	eu	With avoir, the past participle usually agrees only with a preceding direct object.	literary	literary	indicatif	passé antérieur	on	on	Say: we, using on have a problem, using avoir in indicatif passé antérieur.	On eut eu un problème.	/ɔ̃n‿yt‿y œ̃ pʁɔblɛm/	Watch the liaison before the vowel.						avoir — indicatif passé antérieur — on	on eut eu	/ɔ̃n‿yt‿y/	Irregular avoir form.	Literary anterior past.	
avoir	/avwaʁ/	to have	irregular	irregular family	Irregular auxiliary: ai/as/a, av-, aur-, eu, ay-, euss-.	Stems: ai-/av-/aur-/eu-/ay-/euss-.	Highly irregular; memorize the auxiliary forms.	avoir	eu	With avoir, the past participle usually agrees only with a preceding direct object.	literary	literary	indicatif	passé antérieur	nous	nous	Say: we need help, using avoir in indicatif passé antérieur.	Nous eûmes eu besoin d’aide.	/nuz‿ymz‿y bəzwɛ̃ dɛd/	Watch the liaison before the vowel.						avoir — indicatif passé antérieur — nous	nous eûmes eu	/nuz‿ymz‿y/	Irregular avoir form.	Literary anterior past.	
avoir	/avwaʁ/	to have	irregular	irregular family	Irregular auxiliary: ai/as/a, av-, aur-, eu, ay-, euss-.	Stems: ai-/av-/aur-/eu-/ay-/euss-.	Highly irregular; memorize the auxiliary forms.	avoir	eu	With avoir, the past participle usually agrees only with a preceding direct object.	literary	literary	indicatif	passé antérieur	vous	vous	Say: you have your agreement, using avoir in indicatif passé antérieur.	Vous eûtes eu votre accord.	/vuz‿ytz‿y vɔtʁ akɔʁ/	Watch the liaison before the vowel.						avoir — indicatif passé antérieur — vous	vous eûtes eu	/vuz‿ytz‿y/	Irregular avoir form.	Literary anterior past.	
avoir	/avwaʁ/	to have	irregular	irregular family	Irregular auxiliary: ai/as/a, av-, aur-, eu, ay-, euss-.	Stems: ai-/av-/aur-/eu-/ay-/euss-.	Highly irregular; memorize the auxiliary forms.	avoir	eu	With avoir, the past participle usually agrees only with a preceding direct object.	literary	literary	indicatif	passé antérieur	ils	ils	Say: they, masculine are hungry, using avoir in indicatif passé antérieur.	Ils eurent eu faim.	/ilz‿yʁt‿y fɛ̃/	Watch the liaison before the vowel.						avoir — indicatif passé antérieur — ils	ils eurent eu	/ilz‿yʁt‿y/	Irregular avoir form.	Literary anterior past.	
avoir	/avwaʁ/	to have	irregular	irregular family	Irregular auxiliary: ai/as/a, av-, aur-, eu, ay-, euss-.	Stems: ai-/av-/aur-/eu-/ay-/euss-.	Highly irregular; memorize the auxiliary forms.	avoir	eu	With avoir, the past participle usually agrees only with a preceding direct object.	literary	literary	indicatif	passé antérieur	elles	elles	Say: they, feminine feel like leaving, using avoir in indicatif passé antérieur.	Elles eurent eu envie de partir.	/ɛlz‿yʁt‿y ɑ̃vi də paʁtiʁ/	Watch the liaison before the vowel.						avoir — indicatif passé antérieur — elles	elles eurent eu	/ɛlz‿yʁt‿y/	Irregular avoir form.	Literary anterior past.	
avoir	/avwaʁ/	to have	irregular	irregular family	Irregular auxiliary: ai/as/a, av-, aur-, eu, ay-, euss-.	Stems: ai-/av-/aur-/eu-/ay-/euss-.	Highly irregular; memorize the auxiliary forms.	avoir	eu	With avoir, the past participle usually agrees only with a preceding direct object.	spoken	high	indicatif	futur simple	je	j’	Say: I have an idea, using avoir in indicatif futur simple.	J’aurai une idée.	/ʒoʁe yn ide/	Elide je before vowel.						avoir — indicatif futur simple — j’	j’aurai	/ʒoʁe/	Irregular avoir form.		
avoir	/avwaʁ/	to have	irregular	irregular family	Irregular auxiliary: ai/as/a, av-, aur-, eu, ay-, euss-.	Stems: ai-/av-/aur-/eu-/ay-/euss-.	Highly irregular; memorize the auxiliary forms.	avoir	eu	With avoir, the past participle usually agrees only with a preceding direct object.	spoken	high	indicatif	futur simple	tu	tu	Say: you are right, using avoir in indicatif futur simple.	Tu auras raison.	/ty oʁa ʁɛzɔ̃/							avoir — indicatif futur simple — tu	tu auras	/ty oʁa/	Irregular avoir form.		
avoir	/avwaʁ/	to have	irregular	irregular family	Irregular auxiliary: ai/as/a, av-, aur-, eu, ay-, euss-.	Stems: ai-/av-/aur-/eu-/ay-/euss-.	Highly irregular; memorize the auxiliary forms.	avoir	eu	With avoir, the past participle usually agrees only with a preceding direct object.	spoken	high	indicatif	futur simple	il	il	Say: he are afraid, using avoir in indicatif futur simple.	Il aura peur.	/il oʁa pœʁ/							avoir — indicatif futur simple — il	il aura	/il oʁa/	Irregular avoir form.		
avoir	/avwaʁ/	to have	irregular	irregular family	Irregular auxiliary: ai/as/a, av-, aur-, eu, ay-, euss-.	Stems: ai-/av-/aur-/eu-/ay-/euss-.	Highly irregular; memorize the auxiliary forms.	avoir	eu	With avoir, the past participle usually agrees only with a preceding direct object.	spoken	high	indicatif	futur simple	elle	elle	Say: she have time, using avoir in indicatif futur simple.	Elle aura le temps.	/ɛl oʁa lə tɑ̃/							avoir — indicatif futur simple — elle	elle aura	/ɛl oʁa/	Irregular avoir form.		
avoir	/avwaʁ/	to have	irregular	irregular family	Irregular auxiliary: ai/as/a, av-, aur-, eu, ay-, euss-.	Stems: ai-/av-/aur-/eu-/ay-/euss-.	Highly irregular; memorize the auxiliary forms.	avoir	eu	With avoir, the past participle usually agrees only with a preceding direct object.	spoken	high	indicatif	futur simple	on	on	Say: we, using on have a problem, using avoir in indicatif futur simple.	On aura un problème.	/ɔ̃n‿oʁa œ̃ pʁɔblɛm/	Watch the liaison before the vowel.						avoir — indicatif futur simple — on	on aura	/ɔ̃n‿oʁa/	Irregular avoir form.		
avoir	/avwaʁ/	to have	irregular	irregular family	Irregular auxiliary: ai/as/a, av-, aur-, eu, ay-, euss-.	Stems: ai-/av-/aur-/eu-/ay-/euss-.	Highly irregular; memorize the auxiliary forms.	avoir	eu	With avoir, the past participle usually agrees only with a preceding direct object.	spoken	high	indicatif	futur simple	nous	nous	Say: we need help, using avoir in indicatif futur simple.	Nous aurons besoin d’aide.	/nuz‿oʁɔ̃ bəzwɛ̃ dɛd/	Watch the liaison before the vowel.						avoir — indicatif futur simple — nous	nous aurons	/nuz‿oʁɔ̃/	Irregular avoir form.		
avoir	/avwaʁ/	to have	irregular	irregular family	Irregular auxiliary: ai/as/a, av-, aur-, eu, ay-, euss-.	Stems: ai-/av-/aur-/eu-/ay-/euss-.	Highly irregular; memorize the auxiliary forms.	avoir	eu	With avoir, the past participle usually agrees only with a preceding direct object.	spoken	high	indicatif	futur simple	vous	vous	Say: you have your agreement, using avoir in indicatif futur simple.	Vous aurez votre accord.	/vuz‿oʁe vɔtʁ akɔʁ/	Watch the liaison before the vowel.						avoir — indicatif futur simple — vous	vous aurez	/vuz‿oʁe/	Irregular avoir form.		
avoir	/avwaʁ/	to have	irregular	irregular family	Irregular auxiliary: ai/as/a, av-, aur-, eu, ay-, euss-.	Stems: ai-/av-/aur-/eu-/ay-/euss-.	Highly irregular; memorize the auxiliary forms.	avoir	eu	With avoir, the past participle usually agrees only with a preceding direct object.	spoken	high	indicatif	futur simple	ils	ils	Say: they, masculine are hungry, using avoir in indicatif futur simple.	Ils auront faim.	/ilz‿oʁɔ̃ fɛ̃/	Watch the liaison before the vowel.						avoir — indicatif futur simple — ils	ils auront	/ilz‿oʁɔ̃/	Irregular avoir form.		
avoir	/avwaʁ/	to have	irregular	irregular family	Irregular auxiliary: ai/as/a, av-, aur-, eu, ay-, euss-.	Stems: ai-/av-/aur-/eu-/ay-/euss-.	Highly irregular; memorize the auxiliary forms.	avoir	eu	With avoir, the past participle usually agrees only with a preceding direct object.	spoken	high	indicatif	futur simple	elles	elles	Say: they, feminine feel like leaving, using avoir in indicatif futur simple.	Elles auront envie de partir.	/ɛlz‿oʁɔ̃ ɑ̃vi də paʁtiʁ/	Watch the liaison before the vowel.						avoir — indicatif futur simple — elles	elles auront	/ɛlz‿oʁɔ̃/	Irregular avoir form.		
avoir	/avwaʁ/	to have	irregular	irregular family	Irregular auxiliary: ai/as/a, av-, aur-, eu, ay-, euss-.	Stems: ai-/av-/aur-/eu-/ay-/euss-.	Highly irregular; memorize the auxiliary forms.	avoir	eu	With avoir, the past participle usually agrees only with a preceding direct object.	standard written	medium	indicatif	futur antérieur	je	j’	Say: I have an idea, using avoir in indicatif futur antérieur.	J’aurai eu une idée.	/ʒoʁe y yn ide/	Elide je before vowel.						avoir — indicatif futur antérieur — j’	j’aurai eu	/ʒoʁe y/	Irregular avoir form.	Marks anteriority relative to a future point.	
avoir	/avwaʁ/	to have	irregular	irregular family	Irregular auxiliary: ai/as/a, av-, aur-, eu, ay-, euss-.	Stems: ai-/av-/aur-/eu-/ay-/euss-.	Highly irregular; memorize the auxiliary forms.	avoir	eu	With avoir, the past participle usually agrees only with a preceding direct object.	standard written	medium	indicatif	futur antérieur	tu	tu	Say: you are right, using avoir in indicatif futur antérieur.	Tu auras eu raison.	/ty oʁaz‿y ʁɛzɔ̃/	Watch the liaison before the vowel.						avoir — indicatif futur antérieur — tu	tu auras eu	/ty oʁaz‿y/	Irregular avoir form.	Marks anteriority relative to a future point.	
avoir	/avwaʁ/	to have	irregular	irregular family	Irregular auxiliary: ai/as/a, av-, aur-, eu, ay-, euss-.	Stems: ai-/av-/aur-/eu-/ay-/euss-.	Highly irregular; memorize the auxiliary forms.	avoir	eu	With avoir, the past participle usually agrees only with a preceding direct object.	standard written	medium	indicatif	futur antérieur	il	il	Say: he are afraid, using avoir in indicatif futur antérieur.	Il aura eu peur.	/il oʁa y pœʁ/							avoir — indicatif futur antérieur — il	il aura eu	/il oʁa y/	Irregular avoir form.	Marks anteriority relative to a future point.	
avoir	/avwaʁ/	to have	irregular	irregular family	Irregular auxiliary: ai/as/a, av-, aur-, eu, ay-, euss-.	Stems: ai-/av-/aur-/eu-/ay-/euss-.	Highly irregular; memorize the auxiliary forms.	avoir	eu	With avoir, the past participle usually agrees only with a preceding direct object.	standard written	medium	indicatif	futur antérieur	elle	elle	Say: she have time, using avoir in indicatif futur antérieur.	Elle aura eu le temps.	/ɛl oʁa y lə tɑ̃/							avoir — indicatif futur antérieur — elle	elle aura eu	/ɛl oʁa y/	Irregular avoir form.	Marks anteriority relative to a future point.	
avoir	/avwaʁ/	to have	irregular	irregular family	Irregular auxiliary: ai/as/a, av-, aur-, eu, ay-, euss-.	Stems: ai-/av-/aur-/eu-/ay-/euss-.	Highly irregular; memorize the auxiliary forms.	avoir	eu	With avoir, the past participle usually agrees only with a preceding direct object.	standard written	medium	indicatif	futur antérieur	on	on	Say: we, using on have a problem, using avoir in indicatif futur antérieur.	On aura eu un problème.	/ɔ̃n‿oʁa y œ̃ pʁɔblɛm/	Watch the liaison before the vowel.						avoir — indicatif futur antérieur — on	on aura eu	/ɔ̃n‿oʁa y/	Irregular avoir form.	Marks anteriority relative to a future point.	
avoir	/avwaʁ/	to have	irregular	irregular family	Irregular auxiliary: ai/as/a, av-, aur-, eu, ay-, euss-.	Stems: ai-/av-/aur-/eu-/ay-/euss-.	Highly irregular; memorize the auxiliary forms.	avoir	eu	With avoir, the past participle usually agrees only with a preceding direct object.	standard written	medium	indicatif	futur antérieur	nous	nous	Say: we need help, using avoir in indicatif futur antérieur.	Nous aurons eu besoin d’aide.	/nuz‿oʁɔ̃z‿y bəzwɛ̃ dɛd/	Watch the liaison before the vowel.						avoir — indicatif futur antérieur — nous	nous aurons eu	/nuz‿oʁɔ̃z‿y/	Irregular avoir form.	Marks anteriority relative to a future point.	
avoir	/avwaʁ/	to have	irregular	irregular family	Irregular auxiliary: ai/as/a, av-, aur-, eu, ay-, euss-.	Stems: ai-/av-/aur-/eu-/ay-/euss-.	Highly irregular; memorize the auxiliary forms.	avoir	eu	With avoir, the past participle usually agrees only with a preceding direct object.	standard written	medium	indicatif	futur antérieur	vous	vous	Say: you have your agreement, using avoir in indicatif futur antérieur.	Vous aurez eu votre accord.	/vuz‿oʁez‿y vɔtʁ akɔʁ/	Watch the liaison before the vowel.						avoir — indicatif futur antérieur — vous	vous aurez eu	/vuz‿oʁez‿y/	Irregular avoir form.	Marks anteriority relative to a future point.	
avoir	/avwaʁ/	to have	irregular	irregular family	Irregular auxiliary: ai/as/a, av-, aur-, eu, ay-, euss-.	Stems: ai-/av-/aur-/eu-/ay-/euss-.	Highly irregular; memorize the auxiliary forms.	avoir	eu	With avoir, the past participle usually agrees only with a preceding direct object.	standard written	medium	indicatif	futur antérieur	ils	ils	Say: they, masculine are hungry, using avoir in indicatif futur antérieur.	Ils auront eu faim.	/ilz‿oʁɔ̃t‿y fɛ̃/	Watch the liaison before the vowel.						avoir — indicatif futur antérieur — ils	ils auront eu	/ilz‿oʁɔ̃t‿y/	Irregular avoir form.	Marks anteriority relative to a future point.	
avoir	/avwaʁ/	to have	irregular	irregular family	Irregular auxiliary: ai/as/a, av-, aur-, eu, ay-, euss-.	Stems: ai-/av-/aur-/eu-/ay-/euss-.	Highly irregular; memorize the auxiliary forms.	avoir	eu	With avoir, the past participle usually agrees only with a preceding direct object.	standard written	medium	indicatif	futur antérieur	elles	elles	Say: they, feminine feel like leaving, using avoir in indicatif futur antérieur.	Elles auront eu envie de partir.	/ɛlz‿oʁɔ̃t‿y ɑ̃vi də paʁtiʁ/	Watch the liaison before the vowel.						avoir — indicatif futur antérieur — elles	elles auront eu	/ɛlz‿oʁɔ̃t‿y/	Irregular avoir form.	Marks anteriority relative to a future point.	
avoir	/avwaʁ/	to have	irregular	irregular family	Irregular auxiliary: ai/as/a, av-, aur-, eu, ay-, euss-.	Stems: ai-/av-/aur-/eu-/ay-/euss-.	Highly irregular; memorize the auxiliary forms.	avoir	eu	With avoir, the past participle usually agrees only with a preceding direct object.	mixed	high	conditionnel	présent	je	j’	Say: I have an idea, using avoir in conditionnel présent.	J’aurais une idée.	/ʒoʁɛ yn ide/	Elide je before vowel.						avoir — conditionnel présent — j’	j’aurais	/ʒoʁɛ/	Irregular avoir form.	Useful for hypothetical or polite contexts.	
avoir	/avwaʁ/	to have	irregular	irregular family	Irregular auxiliary: ai/as/a, av-, aur-, eu, ay-, euss-.	Stems: ai-/av-/aur-/eu-/ay-/euss-.	Highly irregular; memorize the auxiliary forms.	avoir	eu	With avoir, the past participle usually agrees only with a preceding direct object.	mixed	high	conditionnel	présent	tu	tu	Say: you are right, using avoir in conditionnel présent.	Tu aurais raison.	/ty oʁɛ ʁɛzɔ̃/							avoir — conditionnel présent — tu	tu aurais	/ty oʁɛ/	Irregular avoir form.	Useful for hypothetical or polite contexts.	
avoir	/avwaʁ/	to have	irregular	irregular family	Irregular auxiliary: ai/as/a, av-, aur-, eu, ay-, euss-.	Stems: ai-/av-/aur-/eu-/ay-/euss-.	Highly irregular; memorize the auxiliary forms.	avoir	eu	With avoir, the past participle usually agrees only with a preceding direct object.	mixed	high	conditionnel	présent	il	il	Say: he are afraid, using avoir in conditionnel présent.	Il aurait peur.	/il oʁɛ pœʁ/							avoir — conditionnel présent — il	il aurait	/il oʁɛ/	Irregular avoir form.	Useful for hypothetical or polite contexts.	
avoir	/avwaʁ/	to have	irregular	irregular family	Irregular auxiliary: ai/as/a, av-, aur-, eu, ay-, euss-.	Stems: ai-/av-/aur-/eu-/ay-/euss-.	Highly irregular; memorize the auxiliary forms.	avoir	eu	With avoir, the past participle usually agrees only with a preceding direct object.	mixed	high	conditionnel	présent	elle	elle	Say: she have time, using avoir in conditionnel présent.	Elle aurait le temps.	/ɛl oʁɛ lə tɑ̃/							avoir — conditionnel présent — elle	elle aurait	/ɛl oʁɛ/	Irregular avoir form.	Useful for hypothetical or polite contexts.	
avoir	/avwaʁ/	to have	irregular	irregular family	Irregular auxiliary: ai/as/a, av-, aur-, eu, ay-, euss-.	Stems: ai-/av-/aur-/eu-/ay-/euss-.	Highly irregular; memorize the auxiliary forms.	avoir	eu	With avoir, the past participle usually agrees only with a preceding direct object.	mixed	high	conditionnel	présent	on	on	Say: we, using on have a problem, using avoir in conditionnel présent.	On aurait un problème.	/ɔ̃n‿oʁɛ œ̃ pʁɔblɛm/	Watch the liaison before the vowel.						avoir — conditionnel présent — on	on aurait	/ɔ̃n‿oʁɛ/	Irregular avoir form.	Useful for hypothetical or polite contexts.	
avoir	/avwaʁ/	to have	irregular	irregular family	Irregular auxiliary: ai/as/a, av-, aur-, eu, ay-, euss-.	Stems: ai-/av-/aur-/eu-/ay-/euss-.	Highly irregular; memorize the auxiliary forms.	avoir	eu	With avoir, the past participle usually agrees only with a preceding direct object.	mixed	high	conditionnel	présent	nous	nous	Say: we need help, using avoir in conditionnel présent.	Nous aurions besoin d’aide.	/nuz‿oʁjɔ̃ bəzwɛ̃ dɛd/	Watch the liaison before the vowel.						avoir — conditionnel présent — nous	nous aurions	/nuz‿oʁjɔ̃/	Irregular avoir form.	Useful for hypothetical or polite contexts.	
avoir	/avwaʁ/	to have	irregular	irregular family	Irregular auxiliary: ai/as/a, av-, aur-, eu, ay-, euss-.	Stems: ai-/av-/aur-/eu-/ay-/euss-.	Highly irregular; memorize the auxiliary forms.	avoir	eu	With avoir, the past participle usually agrees only with a preceding direct object.	mixed	high	conditionnel	présent	vous	vous	Say: you have your agreement, using avoir in conditionnel présent.	Vous auriez votre accord.	/vuz‿oʁje vɔtʁ akɔʁ/	Watch the liaison before the vowel.						avoir — conditionnel présent — vous	vous auriez	/vuz‿oʁje/	Irregular avoir form.	Useful for hypothetical or polite contexts.	
avoir	/avwaʁ/	to have	irregular	irregular family	Irregular auxiliary: ai/as/a, av-, aur-, eu, ay-, euss-.	Stems: ai-/av-/aur-/eu-/ay-/euss-.	Highly irregular; memorize the auxiliary forms.	avoir	eu	With avoir, the past participle usually agrees only with a preceding direct object.	mixed	high	conditionnel	présent	ils	ils	Say: they, masculine are hungry, using avoir in conditionnel présent.	Ils auraient faim.	/ilz‿oʁɛ fɛ̃/	Watch the liaison before the vowel.						avoir — conditionnel présent — ils	ils auraient	/ilz‿oʁɛ/	Irregular avoir form.	Useful for hypothetical or polite contexts.	
avoir	/avwaʁ/	to have	irregular	irregular family	Irregular auxiliary: ai/as/a, av-, aur-, eu, ay-, euss-.	Stems: ai-/av-/aur-/eu-/ay-/euss-.	Highly irregular; memorize the auxiliary forms.	avoir	eu	With avoir, the past participle usually agrees only with a preceding direct object.	mixed	high	conditionnel	présent	elles	elles	Say: they, feminine feel like leaving, using avoir in conditionnel présent.	Elles auraient envie de partir.	/ɛlz‿oʁɛ ɑ̃vi də paʁtiʁ/	Watch the liaison before the vowel.						avoir — conditionnel présent — elles	elles auraient	/ɛlz‿oʁɛ/	Irregular avoir form.	Useful for hypothetical or polite contexts.	
avoir	/avwaʁ/	to have	irregular	irregular family	Irregular auxiliary: ai/as/a, av-, aur-, eu, ay-, euss-.	Stems: ai-/av-/aur-/eu-/ay-/euss-.	Highly irregular; memorize the auxiliary forms.	avoir	eu	With avoir, the past participle usually agrees only with a preceding direct object.	mixed	high	conditionnel	passé	je	j’	Say: I have an idea, using avoir in conditionnel passé.	J’aurais eu une idée.	/ʒoʁɛz‿y yn ide/	Elide je before vowel.						avoir — conditionnel passé — j’	j’aurais eu	/ʒoʁɛz‿y/	Irregular avoir form.	Useful for hypothetical past contexts.	
avoir	/avwaʁ/	to have	irregular	irregular family	Irregular auxiliary: ai/as/a, av-, aur-, eu, ay-, euss-.	Stems: ai-/av-/aur-/eu-/ay-/euss-.	Highly irregular; memorize the auxiliary forms.	avoir	eu	With avoir, the past participle usually agrees only with a preceding direct object.	mixed	high	conditionnel	passé	tu	tu	Say: you are right, using avoir in conditionnel passé.	Tu aurais eu raison.	/ty oʁɛz‿y ʁɛzɔ̃/	Watch the liaison before the vowel.						avoir — conditionnel passé — tu	tu aurais eu	/ty oʁɛz‿y/	Irregular avoir form.	Useful for hypothetical past contexts.	
avoir	/avwaʁ/	to have	irregular	irregular family	Irregular auxiliary: ai/as/a, av-, aur-, eu, ay-, euss-.	Stems: ai-/av-/aur-/eu-/ay-/euss-.	Highly irregular; memorize the auxiliary forms.	avoir	eu	With avoir, the past participle usually agrees only with a preceding direct object.	mixed	high	conditionnel	passé	il	il	Say: he are afraid, using avoir in conditionnel passé.	Il aurait eu peur.	/il oʁɛt‿y pœʁ/	Watch the liaison before the vowel.						avoir — conditionnel passé — il	il aurait eu	/il oʁɛt‿y/	Irregular avoir form.	Useful for hypothetical past contexts.	
avoir	/avwaʁ/	to have	irregular	irregular family	Irregular auxiliary: ai/as/a, av-, aur-, eu, ay-, euss-.	Stems: ai-/av-/aur-/eu-/ay-/euss-.	Highly irregular; memorize the auxiliary forms.	avoir	eu	With avoir, the past participle usually agrees only with a preceding direct object.	mixed	high	conditionnel	passé	elle	elle	Say: she have time, using avoir in conditionnel passé.	Elle aurait eu le temps.	/ɛl oʁɛt‿y lə tɑ̃/	Watch the liaison before the vowel.						avoir — conditionnel passé — elle	elle aurait eu	/ɛl oʁɛt‿y/	Irregular avoir form.	Useful for hypothetical past contexts.	
avoir	/avwaʁ/	to have	irregular	irregular family	Irregular auxiliary: ai/as/a, av-, aur-, eu, ay-, euss-.	Stems: ai-/av-/aur-/eu-/ay-/euss-.	Highly irregular; memorize the auxiliary forms.	avoir	eu	With avoir, the past participle usually agrees only with a preceding direct object.	mixed	high	conditionnel	passé	on	on	Say: we, using on have a problem, using avoir in conditionnel passé.	On aurait eu un problème.	/ɔ̃n‿oʁɛt‿y œ̃ pʁɔblɛm/	Watch the liaison before the vowel.						avoir — conditionnel passé — on	on aurait eu	/ɔ̃n‿oʁɛt‿y/	Irregular avoir form.	Useful for hypothetical past contexts.	
avoir	/avwaʁ/	to have	irregular	irregular family	Irregular auxiliary: ai/as/a, av-, aur-, eu, ay-, euss-.	Stems: ai-/av-/aur-/eu-/ay-/euss-.	Highly irregular; memorize the auxiliary forms.	avoir	eu	With avoir, the past participle usually agrees only with a preceding direct object.	mixed	high	conditionnel	passé	nous	nous	Say: we need help, using avoir in conditionnel passé.	Nous aurions eu besoin d’aide.	/nuz‿oʁjɔ̃z‿y bəzwɛ̃ dɛd/	Watch the liaison before the vowel.						avoir — conditionnel passé — nous	nous aurions eu	/nuz‿oʁjɔ̃z‿y/	Irregular avoir form.	Useful for hypothetical past contexts.	
avoir	/avwaʁ/	to have	irregular	irregular family	Irregular auxiliary: ai/as/a, av-, aur-, eu, ay-, euss-.	Stems: ai-/av-/aur-/eu-/ay-/euss-.	Highly irregular; memorize the auxiliary forms.	avoir	eu	With avoir, the past participle usually agrees only with a preceding direct object.	mixed	high	conditionnel	passé	vous	vous	Say: you have your agreement, using avoir in conditionnel passé.	Vous auriez eu votre accord.	/vuz‿oʁjez‿y vɔtʁ akɔʁ/	Watch the liaison before the vowel.						avoir — conditionnel passé — vous	vous auriez eu	/vuz‿oʁjez‿y/	Irregular avoir form.	Useful for hypothetical past contexts.	
avoir	/avwaʁ/	to have	irregular	irregular family	Irregular auxiliary: ai/as/a, av-, aur-, eu, ay-, euss-.	Stems: ai-/av-/aur-/eu-/ay-/euss-.	Highly irregular; memorize the auxiliary forms.	avoir	eu	With avoir, the past participle usually agrees only with a preceding direct object.	mixed	high	conditionnel	passé	ils	ils	Say: they, masculine are hungry, using avoir in conditionnel passé.	Ils auraient eu faim.	/ilz‿oʁɛt‿y fɛ̃/	Watch the liaison before the vowel.						avoir — conditionnel passé — ils	ils auraient eu	/ilz‿oʁɛt‿y/	Irregular avoir form.	Useful for hypothetical past contexts.	
avoir	/avwaʁ/	to have	irregular	irregular family	Irregular auxiliary: ai/as/a, av-, aur-, eu, ay-, euss-.	Stems: ai-/av-/aur-/eu-/ay-/euss-.	Highly irregular; memorize the auxiliary forms.	avoir	eu	With avoir, the past participle usually agrees only with a preceding direct object.	mixed	high	conditionnel	passé	elles	elles	Say: they, feminine feel like leaving, using avoir in conditionnel passé.	Elles auraient eu envie de partir.	/ɛlz‿oʁɛt‿y ɑ̃vi də paʁtiʁ/	Watch the liaison before the vowel.						avoir — conditionnel passé — elles	elles auraient eu	/ɛlz‿oʁɛt‿y/	Irregular avoir form.	Useful for hypothetical past contexts.	
avoir	/avwaʁ/	to have	irregular	irregular family	Irregular auxiliary: ai/as/a, av-, aur-, eu, ay-, euss-.	Stems: ai-/av-/aur-/eu-/ay-/euss-.	Highly irregular; memorize the auxiliary forms.	avoir	eu	With avoir, the past participle usually agrees only with a preceding direct object.	standard written	high	subjonctif	présent	je	j’	Say: I have an idea, after a subjunctive trigger in présent.	Il faut que j’aie une idée.	/il fo kə ʒɛ yn ide/	Elide je before vowel.						avoir — subjonctif présent — j’	j’aie	/ʒɛ/	Irregular avoir form.	Subjunctive after triggers such as il faut que.	
avoir	/avwaʁ/	to have	irregular	irregular family	Irregular auxiliary: ai/as/a, av-, aur-, eu, ay-, euss-.	Stems: ai-/av-/aur-/eu-/ay-/euss-.	Highly irregular; memorize the auxiliary forms.	avoir	eu	With avoir, the past participle usually agrees only with a preceding direct object.	standard written	high	subjonctif	présent	tu	tu	Say: you are right, after a subjunctive trigger in présent.	Il faut que tu aies raison.	/il fo kə ty ɛ ʁɛzɔ̃/							avoir — subjonctif présent — tu	tu aies	/ty ɛ/	Irregular avoir form.	Subjunctive after triggers such as il faut que.	
avoir	/avwaʁ/	to have	irregular	irregular family	Irregular auxiliary: ai/as/a, av-, aur-, eu, ay-, euss-.	Stems: ai-/av-/aur-/eu-/ay-/euss-.	Highly irregular; memorize the auxiliary forms.	avoir	eu	With avoir, the past participle usually agrees only with a preceding direct object.	standard written	high	subjonctif	présent	il	il	Say: he are afraid, after a subjunctive trigger in présent.	Il faut qu’il ait peur.	/il fo k il ɛ pœʁ/							avoir — subjonctif présent — il	il ait	/il ɛ/	Irregular avoir form.	Subjunctive after triggers such as il faut que.	
avoir	/avwaʁ/	to have	irregular	irregular family	Irregular auxiliary: ai/as/a, av-, aur-, eu, ay-, euss-.	Stems: ai-/av-/aur-/eu-/ay-/euss-.	Highly irregular; memorize the auxiliary forms.	avoir	eu	With avoir, the past participle usually agrees only with a preceding direct object.	standard written	high	subjonctif	présent	elle	elle	Say: she have time, after a subjunctive trigger in présent.	Il faut qu’elle ait le temps.	/il fo k ɛl ɛ lə tɑ̃/							avoir — subjonctif présent — elle	elle ait	/ɛl ɛ/	Irregular avoir form.	Subjunctive after triggers such as il faut que.	
avoir	/avwaʁ/	to have	irregular	irregular family	Irregular auxiliary: ai/as/a, av-, aur-, eu, ay-, euss-.	Stems: ai-/av-/aur-/eu-/ay-/euss-.	Highly irregular; memorize the auxiliary forms.	avoir	eu	With avoir, the past participle usually agrees only with a preceding direct object.	standard written	high	subjonctif	présent	on	on	Say: we, using on have a problem, after a subjunctive trigger in présent.	Il faut qu’on ait un problème.	/il fo k ɔ̃n‿ɛ œ̃ pʁɔblɛm/	Watch the liaison before the vowel.						avoir — subjonctif présent — on	on ait	/ɔ̃n‿ɛ/	Irregular avoir form.	Subjunctive after triggers such as il faut que.	
avoir	/avwaʁ/	to have	irregular	irregular family	Irregular auxiliary: ai/as/a, av-, aur-, eu, ay-, euss-.	Stems: ai-/av-/aur-/eu-/ay-/euss-.	Highly irregular; memorize the auxiliary forms.	avoir	eu	With avoir, the past participle usually agrees only with a preceding direct object.	standard written	high	subjonctif	présent	nous	nous	Say: we need help, after a subjunctive trigger in présent.	Il faut que nous ayons besoin d’aide.	/il fo kə nuz‿ɛjɔ̃ bəzwɛ̃ dɛd/	Watch the liaison before the vowel.						avoir — subjonctif présent — nous	nous ayons	/nuz‿ɛjɔ̃/	Irregular avoir form.	Subjunctive after triggers such as il faut que.	
avoir	/avwaʁ/	to have	irregular	irregular family	Irregular auxiliary: ai/as/a, av-, aur-, eu, ay-, euss-.	Stems: ai-/av-/aur-/eu-/ay-/euss-.	Highly irregular; memorize the auxiliary forms.	avoir	eu	With avoir, the past participle usually agrees only with a preceding direct object.	standard written	high	subjonctif	présent	vous	vous	Say: you have your agreement, after a subjunctive trigger in présent.	Il faut que vous ayez votre accord.	/il fo kə vuz‿ɛje vɔtʁ akɔʁ/	Watch the liaison before the vowel.						avoir — subjonctif présent — vous	vous ayez	/vuz‿ɛje/	Irregular avoir form.	Subjunctive after triggers such as il faut que.	
avoir	/avwaʁ/	to have	irregular	irregular family	Irregular auxiliary: ai/as/a, av-, aur-, eu, ay-, euss-.	Stems: ai-/av-/aur-/eu-/ay-/euss-.	Highly irregular; memorize the auxiliary forms.	avoir	eu	With avoir, the past participle usually agrees only with a preceding direct object.	standard written	high	subjonctif	présent	ils	ils	Say: they, masculine are hungry, after a subjunctive trigger in présent.	Il faut qu’ils aient faim.	/il fo k ilz‿ɛ fɛ̃/	Watch the liaison before the vowel.						avoir — subjonctif présent — ils	ils aient	/ilz‿ɛ/	Irregular avoir form.	Subjunctive after triggers such as il faut que.	
avoir	/avwaʁ/	to have	irregular	irregular family	Irregular auxiliary: ai/as/a, av-, aur-, eu, ay-, euss-.	Stems: ai-/av-/aur-/eu-/ay-/euss-.	Highly irregular; memorize the auxiliary forms.	avoir	eu	With avoir, the past participle usually agrees only with a preceding direct object.	standard written	high	subjonctif	présent	elles	elles	Say: they, feminine feel like leaving, after a subjunctive trigger in présent.	Il faut qu’elles aient envie de partir.	/il fo k ɛlz‿ɛ ɑ̃vi də paʁtiʁ/	Watch the liaison before the vowel.						avoir — subjonctif présent — elles	elles aient	/ɛlz‿ɛ/	Irregular avoir form.	Subjunctive after triggers such as il faut que.	
avoir	/avwaʁ/	to have	irregular	irregular family	Irregular auxiliary: ai/as/a, av-, aur-, eu, ay-, euss-.	Stems: ai-/av-/aur-/eu-/ay-/euss-.	Highly irregular; memorize the auxiliary forms.	avoir	eu	With avoir, the past participle usually agrees only with a preceding direct object.	standard written	high	subjonctif	passé	je	j’	Say: I have an idea, after a subjunctive trigger in passé.	Je suis content que j’aie eu une idée.	/ʒə sɥi kɔ̃tɑ̃ kə ʒɛ y yn ide/	Elide je before vowel.						avoir — subjonctif passé — j’	j’aie eu	/ʒɛ y/	Irregular avoir form.	Subjunctive after triggers such as il faut que.	
avoir	/avwaʁ/	to have	irregular	irregular family	Irregular auxiliary: ai/as/a, av-, aur-, eu, ay-, euss-.	Stems: ai-/av-/aur-/eu-/ay-/euss-.	Highly irregular; memorize the auxiliary forms.	avoir	eu	With avoir, the past participle usually agrees only with a preceding direct object.	standard written	high	subjonctif	passé	tu	tu	Say: you are right, after a subjunctive trigger in passé.	Je suis content que tu aies eu raison.	/ʒə sɥi kɔ̃tɑ̃ kə ty ɛz‿y ʁɛzɔ̃/	Watch the liaison before the vowel.						avoir — subjonctif passé — tu	tu aies eu	/ty ɛz‿y/	Irregular avoir form.	Subjunctive after triggers such as il faut que.	
avoir	/avwaʁ/	to have	irregular	irregular family	Irregular auxiliary: ai/as/a, av-, aur-, eu, ay-, euss-.	Stems: ai-/av-/aur-/eu-/ay-/euss-.	Highly irregular; memorize the auxiliary forms.	avoir	eu	With avoir, the past participle usually agrees only with a preceding direct object.	standard written	high	subjonctif	passé	il	il	Say: he are afraid, after a subjunctive trigger in passé.	Je suis content qu’il ait eu peur.	/ʒə sɥi kɔ̃tɑ̃ k il ɛt‿y pœʁ/	Watch the liaison before the vowel.						avoir — subjonctif passé — il	il ait eu	/il ɛt‿y/	Irregular avoir form.	Subjunctive after triggers such as il faut que.	
avoir	/avwaʁ/	to have	irregular	irregular family	Irregular auxiliary: ai/as/a, av-, aur-, eu, ay-, euss-.	Stems: ai-/av-/aur-/eu-/ay-/euss-.	Highly irregular; memorize the auxiliary forms.	avoir	eu	With avoir, the past participle usually agrees only with a preceding direct object.	standard written	high	subjonctif	passé	elle	elle	Say: she have time, after a subjunctive trigger in passé.	Je suis content qu’elle ait eu le temps.	/ʒə sɥi kɔ̃tɑ̃ k ɛl ɛt‿y lə tɑ̃/	Watch the liaison before the vowel.						avoir — subjonctif passé — elle	elle ait eu	/ɛl ɛt‿y/	Irregular avoir form.	Subjunctive after triggers such as il faut que.	
avoir	/avwaʁ/	to have	irregular	irregular family	Irregular auxiliary: ai/as/a, av-, aur-, eu, ay-, euss-.	Stems: ai-/av-/aur-/eu-/ay-/euss-.	Highly irregular; memorize the auxiliary forms.	avoir	eu	With avoir, the past participle usually agrees only with a preceding direct object.	standard written	high	subjonctif	passé	on	on	Say: we, using on have a problem, after a subjunctive trigger in passé.	Je suis content qu’on ait eu un problème.	/ʒə sɥi kɔ̃tɑ̃ k ɔ̃n‿ɛt‿y œ̃ pʁɔblɛm/	Watch the liaison before the vowel.						avoir — subjonctif passé — on	on ait eu	/ɔ̃n‿ɛt‿y/	Irregular avoir form.	Subjunctive after triggers such as il faut que.	
avoir	/avwaʁ/	to have	irregular	irregular family	Irregular auxiliary: ai/as/a, av-, aur-, eu, ay-, euss-.	Stems: ai-/av-/aur-/eu-/ay-/euss-.	Highly irregular; memorize the auxiliary forms.	avoir	eu	With avoir, the past participle usually agrees only with a preceding direct object.	standard written	high	subjonctif	passé	nous	nous	Say: we need help, after a subjunctive trigger in passé.	Je suis content que nous ayons eu besoin d’aide.	/ʒə sɥi kɔ̃tɑ̃ kə nuz‿ɛjɔ̃z‿y bəzwɛ̃ dɛd/	Watch the liaison before the vowel.						avoir — subjonctif passé — nous	nous ayons eu	/nuz‿ɛjɔ̃z‿y/	Irregular avoir form.	Subjunctive after triggers such as il faut que.	
avoir	/avwaʁ/	to have	irregular	irregular family	Irregular auxiliary: ai/as/a, av-, aur-, eu, ay-, euss-.	Stems: ai-/av-/aur-/eu-/ay-/euss-.	Highly irregular; memorize the auxiliary forms.	avoir	eu	With avoir, the past participle usually agrees only with a preceding direct object.	standard written	high	subjonctif	passé	vous	vous	Say: you have your agreement, after a subjunctive trigger in passé.	Je suis content que vous ayez eu votre accord.	/ʒə sɥi kɔ̃tɑ̃ kə vuz‿ɛjez‿y vɔtʁ akɔʁ/	Watch the liaison before the vowel.						avoir — subjonctif passé — vous	vous ayez eu	/vuz‿ɛjez‿y/	Irregular avoir form.	Subjunctive after triggers such as il faut que.	
avoir	/avwaʁ/	to have	irregular	irregular family	Irregular auxiliary: ai/as/a, av-, aur-, eu, ay-, euss-.	Stems: ai-/av-/aur-/eu-/ay-/euss-.	Highly irregular; memorize the auxiliary forms.	avoir	eu	With avoir, the past participle usually agrees only with a preceding direct object.	standard written	high	subjonctif	passé	ils	ils	Say: they, masculine are hungry, after a subjunctive trigger in passé.	Je suis content qu’ils aient eu faim.	/ʒə sɥi kɔ̃tɑ̃ k ilz‿ɛt‿y fɛ̃/	Watch the liaison before the vowel.						avoir — subjonctif passé — ils	ils aient eu	/ilz‿ɛt‿y/	Irregular avoir form.	Subjunctive after triggers such as il faut que.	
avoir	/avwaʁ/	to have	irregular	irregular family	Irregular auxiliary: ai/as/a, av-, aur-, eu, ay-, euss-.	Stems: ai-/av-/aur-/eu-/ay-/euss-.	Highly irregular; memorize the auxiliary forms.	avoir	eu	With avoir, the past participle usually agrees only with a preceding direct object.	standard written	high	subjonctif	passé	elles	elles	Say: they, feminine feel like leaving, after a subjunctive trigger in passé.	Je suis content qu’elles aient eu envie de partir.	/ʒə sɥi kɔ̃tɑ̃ k ɛlz‿ɛt‿y ɑ̃vi də paʁtiʁ/	Watch the liaison before the vowel.						avoir — subjonctif passé — elles	elles aient eu	/ɛlz‿ɛt‿y/	Irregular avoir form.	Subjunctive after triggers such as il faut que.	
avoir	/avwaʁ/	to have	irregular	irregular family	Irregular auxiliary: ai/as/a, av-, aur-, eu, ay-, euss-.	Stems: ai-/av-/aur-/eu-/ay-/euss-.	Highly irregular; memorize the auxiliary forms.	avoir	eu	With avoir, the past participle usually agrees only with a preceding direct object.	literary	literary	subjonctif	imparfait	je	j’	Say: I have an idea, after a subjunctive trigger in imparfait.	Il voulait que j’eusse une idée.	/il vulɛ kə ʒys yn ide/	Elide je before vowel.						avoir — subjonctif imparfait — j’	j’eusse	/ʒys/	Irregular avoir form.	Literary subjunctive.	
avoir	/avwaʁ/	to have	irregular	irregular family	Irregular auxiliary: ai/as/a, av-, aur-, eu, ay-, euss-.	Stems: ai-/av-/aur-/eu-/ay-/euss-.	Highly irregular; memorize the auxiliary forms.	avoir	eu	With avoir, the past participle usually agrees only with a preceding direct object.	literary	literary	subjonctif	imparfait	tu	tu	Say: you are right, after a subjunctive trigger in imparfait.	Il voulait que tu eusses raison.	/il vulɛ kə ty ys ʁɛzɔ̃/							avoir — subjonctif imparfait — tu	tu eusses	/ty ys/	Irregular avoir form.	Literary subjunctive.	
avoir	/avwaʁ/	to have	irregular	irregular family	Irregular auxiliary: ai/as/a, av-, aur-, eu, ay-, euss-.	Stems: ai-/av-/aur-/eu-/ay-/euss-.	Highly irregular; memorize the auxiliary forms.	avoir	eu	With avoir, the past participle usually agrees only with a preceding direct object.	literary	literary	subjonctif	imparfait	il	il	Say: he are afraid, after a subjunctive trigger in imparfait.	Il voulait qu’il eût peur.	/il vulɛ k il y pœʁ/							avoir — subjonctif imparfait — il	il eût	/il y/	Irregular avoir form.	Literary subjunctive.	
avoir	/avwaʁ/	to have	irregular	irregular family	Irregular auxiliary: ai/as/a, av-, aur-, eu, ay-, euss-.	Stems: ai-/av-/aur-/eu-/ay-/euss-.	Highly irregular; memorize the auxiliary forms.	avoir	eu	With avoir, the past participle usually agrees only with a preceding direct object.	literary	literary	subjonctif	imparfait	elle	elle	Say: she have time, after a subjunctive trigger in imparfait.	Il voulait qu’elle eût le temps.	/il vulɛ k ɛl y lə tɑ̃/							avoir — subjonctif imparfait — elle	elle eût	/ɛl y/	Irregular avoir form.	Literary subjunctive.	
avoir	/avwaʁ/	to have	irregular	irregular family	Irregular auxiliary: ai/as/a, av-, aur-, eu, ay-, euss-.	Stems: ai-/av-/aur-/eu-/ay-/euss-.	Highly irregular; memorize the auxiliary forms.	avoir	eu	With avoir, the past participle usually agrees only with a preceding direct object.	literary	literary	subjonctif	imparfait	on	on	Say: we, using on have a problem, after a subjunctive trigger in imparfait.	Il voulait qu’on eût un problème.	/il vulɛ k ɔ̃n‿y œ̃ pʁɔblɛm/	Watch the liaison before the vowel.						avoir — subjonctif imparfait — on	on eût	/ɔ̃n‿y/	Irregular avoir form.	Literary subjunctive.	
avoir	/avwaʁ/	to have	irregular	irregular family	Irregular auxiliary: ai/as/a, av-, aur-, eu, ay-, euss-.	Stems: ai-/av-/aur-/eu-/ay-/euss-.	Highly irregular; memorize the auxiliary forms.	avoir	eu	With avoir, the past participle usually agrees only with a preceding direct object.	literary	literary	subjonctif	imparfait	nous	nous	Say: we need help, after a subjunctive trigger in imparfait.	Il voulait que nous eussions besoin d’aide.	/il vulɛ kə nuz‿ysjɔ̃ bəzwɛ̃ dɛd/	Watch the liaison before the vowel.						avoir — subjonctif imparfait — nous	nous eussions	/nuz‿ysjɔ̃/	Irregular avoir form.	Literary subjunctive.	
avoir	/avwaʁ/	to have	irregular	irregular family	Irregular auxiliary: ai/as/a, av-, aur-, eu, ay-, euss-.	Stems: ai-/av-/aur-/eu-/ay-/euss-.	Highly irregular; memorize the auxiliary forms.	avoir	eu	With avoir, the past participle usually agrees only with a preceding direct object.	literary	literary	subjonctif	imparfait	vous	vous	Say: you have your agreement, after a subjunctive trigger in imparfait.	Il voulait que vous eussiez votre accord.	/il vulɛ kə vuz‿ysje vɔtʁ akɔʁ/	Watch the liaison before the vowel.						avoir — subjonctif imparfait — vous	vous eussiez	/vuz‿ysje/	Irregular avoir form.	Literary subjunctive.	
avoir	/avwaʁ/	to have	irregular	irregular family	Irregular auxiliary: ai/as/a, av-, aur-, eu, ay-, euss-.	Stems: ai-/av-/aur-/eu-/ay-/euss-.	Highly irregular; memorize the auxiliary forms.	avoir	eu	With avoir, the past participle usually agrees only with a preceding direct object.	literary	literary	subjonctif	imparfait	ils	ils	Say: they, masculine are hungry, after a subjunctive trigger in imparfait.	Il voulait qu’ils eussent faim.	/il vulɛ k ilz‿ys fɛ̃/	Watch the liaison before the vowel.						avoir — subjonctif imparfait — ils	ils eussent	/ilz‿ys/	Irregular avoir form.	Literary subjunctive.	
avoir	/avwaʁ/	to have	irregular	irregular family	Irregular auxiliary: ai/as/a, av-, aur-, eu, ay-, euss-.	Stems: ai-/av-/aur-/eu-/ay-/euss-.	Highly irregular; memorize the auxiliary forms.	avoir	eu	With avoir, the past participle usually agrees only with a preceding direct object.	literary	literary	subjonctif	imparfait	elles	elles	Say: they, feminine feel like leaving, after a subjunctive trigger in imparfait.	Il voulait qu’elles eussent envie de partir.	/il vulɛ k ɛlz‿ys ɑ̃vi də paʁtiʁ/	Watch the liaison before the vowel.						avoir — subjonctif imparfait — elles	elles eussent	/ɛlz‿ys/	Irregular avoir form.	Literary subjunctive.	
avoir	/avwaʁ/	to have	irregular	irregular family	Irregular auxiliary: ai/as/a, av-, aur-, eu, ay-, euss-.	Stems: ai-/av-/aur-/eu-/ay-/euss-.	Highly irregular; memorize the auxiliary forms.	avoir	eu	With avoir, the past participle usually agrees only with a preceding direct object.	literary	literary	subjonctif	plus-que-parfait	je	j’	Say: I have an idea, after a subjunctive trigger in plus-que-parfait.	Il doutait que j’eusse eu une idée.	/il dutɛ kə ʒys y yn ide/	Elide je before vowel.						avoir — subjonctif plus-que-parfait — j’	j’eusse eu	/ʒys y/	Irregular avoir form.	Literary subjunctive.	
avoir	/avwaʁ/	to have	irregular	irregular family	Irregular auxiliary: ai/as/a, av-, aur-, eu, ay-, euss-.	Stems: ai-/av-/aur-/eu-/ay-/euss-.	Highly irregular; memorize the auxiliary forms.	avoir	eu	With avoir, the past participle usually agrees only with a preceding direct object.	literary	literary	subjonctif	plus-que-parfait	tu	tu	Say: you are right, after a subjunctive trigger in plus-que-parfait.	Il doutait que tu eusses eu raison.	/il dutɛ kə ty ysz‿y ʁɛzɔ̃/	Watch the liaison before the vowel.						avoir — subjonctif plus-que-parfait — tu	tu eusses eu	/ty ysz‿y/	Irregular avoir form.	Literary subjunctive.	
avoir	/avwaʁ/	to have	irregular	irregular family	Irregular auxiliary: ai/as/a, av-, aur-, eu, ay-, euss-.	Stems: ai-/av-/aur-/eu-/ay-/euss-.	Highly irregular; memorize the auxiliary forms.	avoir	eu	With avoir, the past participle usually agrees only with a preceding direct object.	literary	literary	subjonctif	plus-que-parfait	il	il	Say: he are afraid, after a subjunctive trigger in plus-que-parfait.	Il doutait qu’il eût eu peur.	/il dutɛ k il yt‿y pœʁ/	Watch the liaison before the vowel.						avoir — subjonctif plus-que-parfait — il	il eût eu	/il yt‿y/	Irregular avoir form.	Literary subjunctive.	
avoir	/avwaʁ/	to have	irregular	irregular family	Irregular auxiliary: ai/as/a, av-, aur-, eu, ay-, euss-.	Stems: ai-/av-/aur-/eu-/ay-/euss-.	Highly irregular; memorize the auxiliary forms.	avoir	eu	With avoir, the past participle usually agrees only with a preceding direct object.	literary	literary	subjonctif	plus-que-parfait	elle	elle	Say: she have time, after a subjunctive trigger in plus-que-parfait.	Il doutait qu’elle eût eu le temps.	/il dutɛ k ɛl yt‿y lə tɑ̃/	Watch the liaison before the vowel.						avoir — subjonctif plus-que-parfait — elle	elle eût eu	/ɛl yt‿y/	Irregular avoir form.	Literary subjunctive.	
avoir	/avwaʁ/	to have	irregular	irregular family	Irregular auxiliary: ai/as/a, av-, aur-, eu, ay-, euss-.	Stems: ai-/av-/aur-/eu-/ay-/euss-.	Highly irregular; memorize the auxiliary forms.	avoir	eu	With avoir, the past participle usually agrees only with a preceding direct object.	literary	literary	subjonctif	plus-que-parfait	on	on	Say: we, using on have a problem, after a subjunctive trigger in plus-que-parfait.	Il doutait qu’on eût eu un problème.	/il dutɛ k ɔ̃n‿yt‿y œ̃ pʁɔblɛm/	Watch the liaison before the vowel.						avoir — subjonctif plus-que-parfait — on	on eût eu	/ɔ̃n‿yt‿y/	Irregular avoir form.	Literary subjunctive.	
avoir	/avwaʁ/	to have	irregular	irregular family	Irregular auxiliary: ai/as/a, av-, aur-, eu, ay-, euss-.	Stems: ai-/av-/aur-/eu-/ay-/euss-.	Highly irregular; memorize the auxiliary forms.	avoir	eu	With avoir, the past participle usually agrees only with a preceding direct object.	literary	literary	subjonctif	plus-que-parfait	nous	nous	Say: we need help, after a subjunctive trigger in plus-que-parfait.	Il doutait que nous eussions eu besoin d’aide.	/il dutɛ kə nuz‿ysjɔ̃z‿y bəzwɛ̃ dɛd/	Watch the liaison before the vowel.						avoir — subjonctif plus-que-parfait — nous	nous eussions eu	/nuz‿ysjɔ̃z‿y/	Irregular avoir form.	Literary subjunctive.	
avoir	/avwaʁ/	to have	irregular	irregular family	Irregular auxiliary: ai/as/a, av-, aur-, eu, ay-, euss-.	Stems: ai-/av-/aur-/eu-/ay-/euss-.	Highly irregular; memorize the auxiliary forms.	avoir	eu	With avoir, the past participle usually agrees only with a preceding direct object.	literary	literary	subjonctif	plus-que-parfait	vous	vous	Say: you have your agreement, after a subjunctive trigger in plus-que-parfait.	Il doutait que vous eussiez eu votre accord.	/il dutɛ kə vuz‿ysjez‿y vɔtʁ akɔʁ/	Watch the liaison before the vowel.						avoir — subjonctif plus-que-parfait — vous	vous eussiez eu	/vuz‿ysjez‿y/	Irregular avoir form.	Literary subjunctive.	
avoir	/avwaʁ/	to have	irregular	irregular family	Irregular auxiliary: ai/as/a, av-, aur-, eu, ay-, euss-.	Stems: ai-/av-/aur-/eu-/ay-/euss-.	Highly irregular; memorize the auxiliary forms.	avoir	eu	With avoir, the past participle usually agrees only with a preceding direct object.	literary	literary	subjonctif	plus-que-parfait	ils	ils	Say: they, masculine are hungry, after a subjunctive trigger in plus-que-parfait.	Il doutait qu’ils eussent eu faim.	/il dutɛ k ilz‿yst‿y fɛ̃/	Watch the liaison before the vowel.						avoir — subjonctif plus-que-parfait — ils	ils eussent eu	/ilz‿yst‿y/	Irregular avoir form.	Literary subjunctive.	
avoir	/avwaʁ/	to have	irregular	irregular family	Irregular auxiliary: ai/as/a, av-, aur-, eu, ay-, euss-.	Stems: ai-/av-/aur-/eu-/ay-/euss-.	Highly irregular; memorize the auxiliary forms.	avoir	eu	With avoir, the past participle usually agrees only with a preceding direct object.	literary	literary	subjonctif	plus-que-parfait	elles	elles	Say: they, feminine feel like leaving, after a subjunctive trigger in plus-que-parfait.	Il doutait qu’elles eussent eu envie de partir.	/il dutɛ k ɛlz‿yst‿y ɑ̃vi də paʁtiʁ/	Watch the liaison before the vowel.						avoir — subjonctif plus-que-parfait — elles	elles eussent eu	/ɛlz‿yst‿y/	Irregular avoir form.	Literary subjunctive.	
avoir	/avwaʁ/	to have	irregular	irregular family	Irregular auxiliary: ai/as/a, av-, aur-, eu, ay-, euss-.	Stems: ai-/av-/aur-/eu-/ay-/euss-.	Highly irregular; memorize the auxiliary forms.	avoir	eu	With avoir, the past participle usually agrees only with a preceding direct object.	spoken	high	impératif	présent	tu	tu	Say: you are right, using avoir in impératif présent.	Aie du courage.	/ɛ dy kuʁaʒ/							avoir — impératif présent — tu	aie	/ɛ/	Irregular imperative form.	Irregular imperative; no subject pronoun.	
avoir	/avwaʁ/	to have	irregular	irregular family	Irregular auxiliary: ai/as/a, av-, aur-, eu, ay-, euss-.	Stems: ai-/av-/aur-/eu-/ay-/euss-.	Highly irregular; memorize the auxiliary forms.	avoir	eu	With avoir, the past participle usually agrees only with a preceding direct object.	spoken	high	impératif	présent	nous	nous	Say: we need help, using avoir in impératif présent.	Ayons de la patience.	/ɛjɔ̃ də la pasjɑ̃s/							avoir — impératif présent — nous	ayons	/ɛjɔ̃/	Irregular imperative form.	Irregular imperative; no subject pronoun.	
avoir	/avwaʁ/	to have	irregular	irregular family	Irregular auxiliary: ai/as/a, av-, aur-, eu, ay-, euss-.	Stems: ai-/av-/aur-/eu-/ay-/euss-.	Highly irregular; memorize the auxiliary forms.	avoir	eu	With avoir, the past participle usually agrees only with a preceding direct object.	spoken	high	impératif	présent	vous	vous	Say: you have your agreement, using avoir in impératif présent.	Ayez confiance.	/ɛje kɔ̃fjɑ̃s/							avoir — impératif présent — vous	ayez	/ɛje/	Irregular imperative form.	Irregular imperative; no subject pronoun.	
avoir	/avwaʁ/	to have	irregular	irregular family	Irregular auxiliary: ai/as/a, av-, aur-, eu, ay-, euss-.	Stems: ai-/av-/aur-/eu-/ay-/euss-.	Highly irregular; memorize the auxiliary forms.	avoir	eu	With avoir, the past participle usually agrees only with a preceding direct object.	formal	literary	impératif	passé	tu	tu	Say: you are right, using avoir in impératif passé.	Aie eu fini avant midi.	/ɛ y fini avɑ̃ midi/							avoir — impératif passé — tu	aie eu	/ɛ y/	Irregular imperative form.	Past imperative is rare and formal.	
avoir	/avwaʁ/	to have	irregular	irregular family	Irregular auxiliary: ai/as/a, av-, aur-, eu, ay-, euss-.	Stems: ai-/av-/aur-/eu-/ay-/euss-.	Highly irregular; memorize the auxiliary forms.	avoir	eu	With avoir, the past participle usually agrees only with a preceding direct object.	formal	literary	impératif	passé	nous	nous	Say: we need help, using avoir in impératif passé.	Ayons eu répondu avant midi.	/ɛjɔ̃z‿y ʁepɔ̃dy avɑ̃ midi/							avoir — impératif passé — nous	ayons eu	/ɛjɔ̃z‿y/	Irregular imperative form.	Past imperative is rare and formal.	
avoir	/avwaʁ/	to have	irregular	irregular family	Irregular auxiliary: ai/as/a, av-, aur-, eu, ay-, euss-.	Stems: ai-/av-/aur-/eu-/ay-/euss-.	Highly irregular; memorize the auxiliary forms.	avoir	eu	With avoir, the past participle usually agrees only with a preceding direct object.	formal	literary	impératif	passé	vous	vous	Say: you have your agreement, using avoir in impératif passé.	Ayez eu tout vérifié d’ici là.	/ɛjez‿y tu veʁifje disi la/							avoir — impératif passé — vous	ayez eu	/ɛjez‿y/	Irregular imperative form.	Past imperative is rare and formal.	
avoir	/avwaʁ/	to have	irregular	irregular family	Irregular auxiliary: ai/as/a, av-, aur-, eu, ay-, euss-.	Stems: ai-/av-/aur-/eu-/ay-/euss-.	Highly irregular; memorize the auxiliary forms.	avoir	eu	With avoir, the past participle usually agrees only with a preceding direct object.	mixed	high	infinitif	présent	N/A	—	Say: to have time.	avoir le temps	/avwaʁ lə tɑ̃/							avoir — infinitif présent	avoir	/avwaʁ/	Irregular non-finite form.	Common infinitive chunk.	
avoir	/avwaʁ/	to have	irregular	irregular family	Irregular auxiliary: ai/as/a, av-, aur-, eu, ay-, euss-.	Stems: ai-/av-/aur-/eu-/ay-/euss-.	Highly irregular; memorize the auxiliary forms.	avoir	eu	With avoir, the past participle usually agrees only with a preceding direct object.	standard written	high	infinitif	passé	N/A	—	Say: to have had a chance.	avoir eu une chance	/avwaʁ y yn ʃɑ̃s/							avoir — infinitif passé	avoir eu	/avwaʁ y/	Irregular non-finite form.	Marks anteriority before another action.	
avoir	/avwaʁ/	to have	irregular	irregular family	Irregular auxiliary: ai/as/a, av-, aur-, eu, ay-, euss-.	Stems: ai-/av-/aur-/eu-/ay-/euss-.	Highly irregular; memorize the auxiliary forms.	avoir	eu	With avoir, the past participle usually agrees only with a preceding direct object.	standard written	medium	participe	présent	N/A	—	Say: having a doubt.	ayant un doute	/ɛjɑ̃ œ̃ dut/							avoir — participe présent	ayant	/ɛjɑ̃/	Irregular non-finite form.	Present participle is more written than spoken.	
avoir	/avwaʁ/	to have	irregular	irregular family	Irregular auxiliary: ai/as/a, av-, aur-, eu, ay-, euss-.	Stems: ai-/av-/aur-/eu-/ay-/euss-.	Highly irregular; memorize the auxiliary forms.	avoir	eu	With avoir, the past participle usually agrees only with a preceding direct object.	mixed	high	participe	passé	N/A	—	Say: the chance had.	la chance eue	/la ʃɑ̃s y/							avoir — participe passé	eu	/y/	Irregular non-finite form.	Past participle may agree when used adjectivally.	
avoir	/avwaʁ/	to have	irregular	irregular family	Irregular auxiliary: ai/as/a, av-, aur-, eu, ay-, euss-.	Stems: ai-/av-/aur-/eu-/ay-/euss-.	Highly irregular; memorize the auxiliary forms.	avoir	eu	With avoir, the past participle usually agrees only with a preceding direct object.	standard written	medium	gérondif	présent	N/A	—	Say: by having proof.	en ayant une preuve	/ɑ̃n‿ɛjɑ̃ yn pʁœv/							avoir — gérondif présent	en ayant	/ɑ̃n‿ɛjɑ̃/	Irregular non-finite form.	Gerund expresses manner or circumstance.	
avoir	/avwaʁ/	to have	irregular	irregular family	Irregular auxiliary: ai/as/a, av-, aur-, eu, ay-, euss-.	Stems: ai-/av-/aur-/eu-/ay-/euss-.	Highly irregular; memorize the auxiliary forms.	avoir	eu	With avoir, the past participle usually agrees only with a preceding direct object.	formal	literary	gérondif	passé	N/A	—	Say: after having had time.	en ayant eu le temps	/ɑ̃n‿ɛjɑ̃ y lə tɑ̃/							avoir — gérondif passé	en ayant eu	/ɑ̃n‿ɛjɑ̃ y/	Irregular non-finite form.	Past gerund is formal and uncommon.	